PUMACE10,muni_id,muni_name,cosub_cn20,pct_muni_area_in_puma,pct_puma_area_in_muni,overlap_m2,muni_area_m2,puma10_area_m2,join_type
04901,1,Abington,2502300170,100,8.6289976428,26388934.34,26388934.34,305816914.4,st_intersection
01400,2,Acton,2501700380,100,11.9656463052,52566026.92,52566026.92,439307878.4,st_intersection
04500,3,Acushnet,2500500520,0.000611263,0.0000863877,299.9981661,49078420.83,347269418.3,st_intersection
04301,3,Acushnet,2500500520,99.99938874,6.0964419680,49078120.83,49078420.83,805028918.3,st_intersection
00100,4,Adams,2500300555,100,2.4259246077,59463643.11,59463643.11,2451174407,st_intersection
01902,5,Agawam,2501300840,0.04484946,0.0093441753,28265.31179,63022635.77,302491239.8,st_intersection
01901,5,Agawam,2501300840,99.9486904,16.9293612402,62990299.11,63022635.77,372077234.4,st_intersection
01900,5,Agawam,2501300840,0.006460142,0.0047520343,4071.351595,63022635.77,85675971.84,st_intersection
00100,6,Alford,2500300975,100,1.2200396241,29905299.02,29905299.02,2451174407,st_intersection
00702,7,Amesbury,2500901260,100,8.4578262808,35567524.11,35567524.11,420527957.5,st_intersection
00200,8,Amherst,2501501370,99.99986826,2.8586183277,71883412.43,71883507.13,2514620848,st_intersection
01300,9,Andover,2500901465,99.93813127,33.2143929046,83225051.26,83276573.42,250569238.2,st_intersection
00501,9,Andover,2500901465,0.061866412,0.0148544360,51520.22772,83276573.42,346833953.4,st_intersection
00508,10,Arlington,2501701605,0.044264156,0.0176641244,6288.209425,14206098,35598761.01,st_intersection
00505,10,Arlington,2501701605,99.95573315,26.5116404988,14199809.41,14206098,53560659.16,st_intersection
00400,11,Ashburnham,2502701885,100,7.2219500135,106052511.9,106052511.9,1468474744,st_intersection
00400,12,Ashby,2501701955,100,4.2417986377,62289741.67,62289741.67,1468474744,st_intersection
00200,13,Ashfield,2501102095,100,4.1449527939,104229847.1,104229847.1,2514620848,st_intersection
02400,14,Ashland,2501702130,100,9.9867491314,33341745.18,33341745.18,333859845.1,st_intersection
00200,15,Athol,2502702480,0.032483993,0.0011162475,28069.39315,86409922.02,2514620848,st_intersection
00400,15,Athol,2502702480,99.96751601,5.8824200417,86381852.63,86409922.02,1468474744,st_intersection
04200,16,Attleboro,2500502690,100,18.5088593241,71926594.02,71926594.02,388606303.4,st_intersection
00302,17,Auburn,2502702760,100,3.9201071599,42510768.25,42510768.25,1084428729,st_intersection
03602,18,Avon,2502102935,0.002454028,0.0001901696,288.4443904,11753913.84,151677428,st_intersection
04000,18,Avon,2502102935,99.99754597,10.6749151159,11753625.39,11753913.84,110105094.7,st_intersection
01400,19,Ayer,2501703005,0.000796131,0.0000446055,195.9556943,24613491.39,439307878.4,st_intersection
00400,19,Ayer,2501703005,99.99920387,1.6761129560,24613295.43,24613491.39,1468474744,st_intersection
04700,20,Barnstable,2500103690,91.89835018,29.2155402699,182006360.2,198051825.5,622977903.2,st_intersection
04800,20,Barnstable,2500103690,8.101649823,0.3331226106,16045465.37,198051825.5,4816684567,st_intersection
00302,21,Barre,2502703740,100,10.6573152120,115570987.9,115570987.9,1084428729,st_intersection
00100,22,Becket,2500304545,100,5.0497622853,123778480.7,123778480.7,2451174407,st_intersection
00503,23,Bedford,2501704615,100,19.4670408856,35841873.79,35841873.79,184115675.3,st_intersection
01600,24,Belchertown,2501504825,99.99497828,8.6445271242,143157345.8,143164535.1,1656046001,st_intersection
00200,24,Belchertown,2501504825,0.005021724,0.0002859011,7189.327971,143164535.1,2514620848,st_intersection
03601,25,Bellingham,2502104930,99.99743353,12.5750968797,48926368.49,48927624.2,389073491.5,st_intersection
00304,25,Bellingham,2502104930,0.002415692,0.0001393700,1181.940589,48927624.2,848059720,st_intersection
00506,26,Belmont,2501705070,0.001258841,0.0008386572,153.8409662,12220838.89,18343725.24,st_intersection
00503,26,Belmont,2501705070,0.001451385,0.0000963369,177.3713739,12220838.89,184115675.3,st_intersection
00505,26,Belmont,2501705070,99.99728977,22.8162010468,12220507.68,12220838.89,53560659.16,st_intersection
04303,27,Berkley,2500505280,99.99826794,10.9612527603,45125785.56,45126567.18,411684563.3,st_intersection
04902,27,Berkley,2500505280,0.001559262,0.0001058398,703.6415003,45126567.18,664817298.6,st_intersection
00303,28,Berlin,2502705490,100,8.9462704183,34118254.46,34118254.46,381368468.3,st_intersection
00200,29,Bernardston,2501105560,100,2.4116109567,60642871.89,60642871.89,2514620848,st_intersection
00702,30,Beverly,2500905595,0.002539701,0.0003532930,1485.695914,58498853.77,420527957.5,st_intersection
00703,30,Beverly,2500905595,99.99714373,4.5469868223,58497182.88,58498853.77,1286504342,st_intersection
01300,31,Billerica,2501705805,99.99941645,27.2022303700,68160421.4,68160819.15,250569238.2,st_intersection
00503,31,Billerica,2501705805,0.000583547,0.0002160330,397.7506718,68160819.15,184115675.3,st_intersection
00304,32,Blackstone,2502706015,99.99992144,3.4905615549,29602046.55,29602069.81,848059720,st_intersection
01600,33,Blandford,2501306085,100,8.3579300535,138411166.5,138411166.5,1656046001,st_intersection
01400,34,Bolton,2502706365,99.99949418,11.8374285768,52002756.33,52003019.38,439307878.4,st_intersection
00303,34,Bolton,2502706365,0.000505825,0.0000689738,263.0441815,52003019.38,381368468.3,st_intersection
03306,35,Boston,2502507000,3.739864111,21.7372014749,8679632.407,232084165.3,39929852.13,st_intersection
03302,35,Boston,2502507000,12.52428188,93.5511315458,29066875.07,232084165.3,31070575.62,st_intersection
03603,35,Boston,2502507000,0.003871416,0.0086271718,8984.944627,232084165.3,104147046.4,st_intersection
00507,35,Boston,2502507000,0.003063961,0.0348183830,7110.96795,232084165.3,20423027.54,st_intersection
00506,35,Boston,2502507000,0.011296258,0.1429198622,26216.82685,232084165.3,18343725.24,st_intersection
03304,35,Boston,2502507000,7.511974837,99.9766870826,17434104.1,232084165.3,17438169.45,st_intersection
03301,35,Boston,2502507000,6.782951416,99.5255666416,15742156.18,232084165.3,15817198.24,st_intersection
03305,35,Boston,2502507000,19.70748189,99.8933369419,45737944.86,232084165.3,45786782.44,st_intersection
03602,35,Boston,2502507000,0.000676987,0.0010358684,1571.178533,232084165.3,151677428,st_intersection
03500,35,Boston,2502507000,0.000987166,0.0008919340,2291.055555,232084165.3,256863801.4,st_intersection
00505,35,Boston,2502507000,0.004077444,0.0176680080,9463.101535,232084165.3,53560659.16,st_intersection
03400,35,Boston,2502507000,0.003244817,0.0116428251,7530.706428,232084165.3,64681092.37,st_intersection
03303,35,Boston,2502507000,49.70622781,71.5062776703,115360283.9,232084165.3,161328889.8,st_intersection
04700,36,Bourne,2500107175,88.26573787,19.3992492960,120853036.5,136919533.4,622977903.2,st_intersection
04903,36,Bourne,2500107175,0.000589172,0.0000576396,806.6922011,136919533.4,1399544549,st_intersection
04800,36,Bourne,2500107175,11.73367295,0.3335425029,16065690.26,136919533.4,4816684567,st_intersection
01400,37,Boxborough,2501707350,100,6.1354142265,26953358.07,26953358.07,439307878.4,st_intersection
00702,38,Boxford,2500907420,100,15.0332288743,63218930.34,63218930.34,420527957.5,st_intersection
00303,39,Boylston,2502707525,100,13.4099072186,51141157.76,51141157.76,381368468.3,st_intersection
03900,40,Braintree,2502107740,99.98954522,12.0590343659,37716236.11,37720179.68,312763318.9,st_intersection
03602,40,Braintree,2502107740,0.010343216,0.0025722216,3901.479575,37720179.68,151677428,st_intersection
04800,41,Brewster,2500107980,100,1.3715241375,66061991.46,66061991.46,4816684567,st_intersection
04303,42,Bridgewater,2502308130,0.005286781,0.0009434538,3884.05383,73467266.79,411684563.3,st_intersection
04901,42,Bridgewater,2502308130,99.99438377,24.0219350977,73463140.7,73467266.79,305816914.4,st_intersection
01600,43,Brimfield,2501308470,99.99906607,5.5234592328,91471025.77,91471880.05,1656046001,st_intersection
00304,43,Brimfield,2501308470,0.000933925,0.0001007334,854.2791133,91471880.05,848059720,st_intersection
04000,44,Brockton,2502309000,99.99989709,50.6088724848,55722946.95,55723004.3,110105094.7,st_intersection
00302,45,Brookfield,2502709105,100,3.9604597160,42948362.96,42948362.96,1084428729,st_intersection
03301,46,Brookline,2502109175,0.035342458,0.0395269360,6252.053819,17689923.67,15817198.24,st_intersection
03305,46,Brookline,2502109175,0.182965064,0.0706893529,32366.38021,17689923.67,45786782.44,st_intersection
03400,46,Brookline,2502109175,99.78169248,27.2897450951,17651305.23,17689923.67,64681092.37,st_intersection
00200,47,Buckland,2501109595,100,2.0473065058,51481996.22,51481996.22,2514620848,st_intersection
00503,48,Burlington,2501709840,99.99980674,16.6879317345,30725098.21,30725157.59,184115675.3,st_intersection
00506,49,Cambridge,2501711000,99.61134266,99.8549656606,18317120.54,18388589.14,18343725.24,st_intersection
03301,49,Cambridge,2501711000,0.372672782,0.4332579370,68529.2668,18388589.14,15817198.24,st_intersection
00505,49,Cambridge,2501711000,0.015552044,0.0053393693,2859.801387,18388589.14,53560659.16,st_intersection
03602,50,Canton,2502111315,99.99999983,33.3645395163,50606475.39,50606475.48,151677428,st_intersection
01400,51,Carlisle,2501711525,99.99536041,9.1515903291,40203657.31,40205522.68,439307878.4,st_intersection
00503,51,Carlisle,2501711525,0.00463959,0.0010131518,1865.371257,40205522.68,184115675.3,st_intersection
04902,52,Carver,2502311665,99.99993174,15.4750524170,102880825.4,102880895.7,664817298.6,st_intersection
00200,53,Charlemont,2501112505,99.99968661,2.7445747063,69015647.75,69015864.04,2514620848,st_intersection
00304,54,Charlton,2502712715,100,13.3734963597,113415235.8,113415235.8,848059720,st_intersection
04800,55,Chatham,2500112995,100,1.7753545027,85513226.34,85513226.34,4816684567,st_intersection
00501,56,Chelmsford,2501713135,100,17.2374211023,59785229.08,59785229.08,346833953.4,st_intersection
03306,57,Chelsea,2502513205,99.99671549,15.9891196866,6384431.848,6384641.552,39929852.13,st_intersection
00507,57,Chelsea,2502513205,0.003284507,0.0010268017,209.7039941,6384641.552,20423027.54,st_intersection
00100,58,Cheshire,2500313345,100,2.9077632092,71274347.59,71274347.59,2451174407,st_intersection
01600,59,Chester,2501313485,100,5.8121708079,96252222.26,96252222.26,1656046001,st_intersection
01600,60,Chesterfield,2501513590,0.00095811,0.0000468182,775.3301259,80922903.75,1656046001,st_intersection
00200,60,Chesterfield,2501513590,99.99904189,3.2180648022,80922128.42,80922903.75,2514620848,st_intersection
01902,61,Chicopee,2501313660,99.99605495,20.4379970290,61823150.6,61825589.65,302491239.8,st_intersection
01901,61,Chicopee,2501313660,0.003945052,0.0006555230,2439.051863,61825589.65,372077234.4,st_intersection
04800,62,Chilmark,2500713800,100,5.4010797394,260152974.3,260152974.3,4816684567,st_intersection
00100,63,Clarksburg,2500314010,100,1.3518605878,33136460.74,33136460.74,2451174407,st_intersection
00303,64,Clinton,2502714395,100,4.9338482683,18816141.57,18816141.57,381368468.3,st_intersection
03900,65,Cohasset,2502114640,99.99540893,26.0240278346,81393613.18,81397350.18,312763318.9,st_intersection
04903,65,Cohasset,2502114640,0.004591068,0.0002670160,3737.007839,81397350.18,1399544549,st_intersection
00200,66,Colrain,2501114885,99.99999898,4.4640268796,112253350.6,112253351.7,2514620848,st_intersection
01400,67,Concord,2501715060,99.99118493,15.2278673985,66897221.19,66903118.75,439307878.4,st_intersection
00503,67,Concord,2501715060,0.008815074,0.0032031817,5897.559702,66903118.75,184115675.3,st_intersection
00200,68,Conway,2501115200,100,3.9012589480,98101870.84,98101870.84,2514620848,st_intersection
00200,69,Cummington,2501516040,100,2.3756163253,59737743.38,59737743.38,2514620848,st_intersection
00100,70,Dalton,2500316180,100,2.3106628022,56638375.23,56638375.23,2451174407,st_intersection
01000,71,Danvers,2500916250,99.99915428,21.8414771704,36736052.28,36736362.97,168193991.6,st_intersection
00702,71,Danvers,2500916250,0.000845724,0.0000738805,310.6881351,36736362.97,420527957.5,st_intersection
04500,72,Dartmouth,2500516425,33.32022756,24.2405571764,84180041.91,252639456.7,347269418.3,st_intersection
04301,72,Dartmouth,2500516425,66.67977244,20.9258836573,168459414.8,252639456.7,805028918.3,st_intersection
03305,73,Dedham,2502116495,0.032202314,0.0194612997,8910.702971,27671002.39,45786782.44,st_intersection
03602,73,Dedham,2502116495,99.96779737,18.2374477025,27662091.6,27671002.39,151677428,st_intersection
00200,74,Deerfield,2501116670,100,3.4453932463,86638576.87,86638576.87,2514620848,st_intersection
04800,75,Dennis,2500116775,100,1.2022131316,57906814.37,57906814.37,4816684567,st_intersection
04303,76,Dighton,2500516950,100,14.2231120686,58554356.81,58554356.81,411684563.3,st_intersection
00304,77,Douglas,2502717300,100,11.5743198031,98157144.12,98157144.12,848059720,st_intersection
03500,78,Dover,2502117405,100,15.5468897431,39934331.99,39934331.99,256863801.4,st_intersection
01300,79,Dracut,2501717475,0.031252842,0.0069191587,17337.2833,55474261.66,250569238.2,st_intersection
00501,79,Dracut,2501717475,99.96874716,15.9894738751,55456924.37,55474261.66,346833953.4,st_intersection
00304,80,Dudley,2502717685,100,6.6852187771,56694647.64,56694647.64,848059720,st_intersection
00501,81,Dunstable,2501717825,100,12.5112145706,43393140.12,43393140.12,346833953.4,st_intersection
04903,82,Duxbury,2502317895,99.99988845,6.9575573938,97374115.25,97374223.87,1399544549,st_intersection
04901,83,East Bridgewater,2502318455,100,14.8496018162,45412594.08,45412594.08,305816914.4,st_intersection
00302,84,East Brookfield,2502718560,100,2.4890850662,26992353.55,26992353.55,1084428729,st_intersection
01902,85,East Longmeadow,2501319645,100,11.1356683628,33684421.29,33684421.29,302491239.8,st_intersection
04800,86,Eastham,2500119295,100,1.3822932689,66580706.55,66580706.55,4816684567,st_intersection
01600,87,Easthampton,2501519370,100,2.1271482777,35226554,35226554,1656046001,st_intersection
04901,88,Easton,2500520100,100,24.7574520372,75712475.91,75712475.91,305816914.4,st_intersection
04800,89,Edgartown,2500721150,100,6.6038233926,318085342.2,318085342.2,4816684567,st_intersection
00100,90,Egremont,2500321360,100,1.9976485145,48965849.12,48965849.12,2451174407,st_intersection
00200,91,Erving,2501121780,100,1.4815609152,37255639.65,37255639.65,2514620848,st_intersection
00703,92,Essex,2500921850,100,3.2293074941,41545181.12,41545181.12,1286504342,st_intersection
00507,93,Everett,2501721990,99.99999407,46.4331114945,9483047.15,9483047.712,20423027.54,st_intersection
04500,94,Fairhaven,2500522130,100,10.5600111629,36671689.34,36671689.34,347269418.3,st_intersection
04302,95,Fall River,2500523000,99.99994953,77.1871321906,104215500.4,104215553,135016676.2,st_intersection
04700,96,Falmouth,2500123105,92.52006067,20.9443322653,130478562,141027319.9,622977903.2,st_intersection
04800,96,Falmouth,2500123105,7.479939329,0.2190045419,10548757.97,141027319.9,4816684567,st_intersection
00301,97,Fitchburg,2502723875,100,19.2836591179,72822897.17,72822897.17,377640450.5,st_intersection
00100,98,Florida,2500324120,99.98018222,2.5982946459,63688733.37,63701357.57,2451174407,st_intersection
00200,98,Florida,2500324120,0.01981778,0.0005020317,12624.19468,63701357.57,2514620848,st_intersection
03601,99,Foxborough,2502124820,100,13.8785118293,53997610.54,53997610.54,389073491.5,st_intersection
00504,100,Framingham,2501724960,100,41.0280671781,68643248.94,68643248.94,167308025.1,st_intersection
02400,101,Franklin,2502125172,0.002997518,0.0006284807,2098.244654,69999406.35,333859845.1,st_intersection
03601,101,Franklin,2502125172,99.99700248,17.9907677184,69997308.11,69999406.35,389073491.5,st_intersection
04303,102,Freetown,2500525240,0.002918037,0.0006680767,2750.368603,94254070.56,411684563.3,st_intersection
04301,102,Freetown,2500525240,99.99708196,11.7078179495,94251320.19,94254070.56,805028918.3,st_intersection
00301,103,Gardner,2502725485,99.99727264,15.7835637138,59605121.12,59606746.81,377640450.5,st_intersection
00400,103,Gardner,2502725485,0.002727363,0.0001107062,1625.692302,59606746.81,1468474744,st_intersection
04800,104,Aquinnah,2500701585,100,2.1928833403,105624273.4,105624273.4,4816684567,st_intersection
00702,105,Georgetown,2500925625,100,8.0976883959,34053043.62,34053043.62,420527957.5,st_intersection
00200,106,Gill,2501125730,100,1.5247159988,38340826.38,38340826.38,2514620848,st_intersection
00703,107,Gloucester,2500926150,100,8.3569948630,107513101.7,107513101.7,1286504342,st_intersection
00200,108,Goshen,2501526290,100,1.8228438078,45837610.42,45837610.42,2514620848,st_intersection
04800,109,Gosnold,2500726325,100,7.5379679973,363080141.2,363080141.2,4816684567,st_intersection
00303,110,Grafton,2502726430,100,15.8255770817,60353760.91,60353760.91,381368468.3,st_intersection
01600,111,Granby,2501526535,100,4.3898465825,72697878.8,72697878.8,1656046001,st_intersection
01600,112,Granville,2501326675,99.99573185,6.7430087141,111667326.2,111672092.5,1656046001,st_intersection
00100,113,Great Barrington,2500326815,100,4.8361658344,118542859.2,118542859.2,2451174407,st_intersection
00200,114,Greenfield,2501127060,100,2.2528370078,56650309.07,56650309.07,2514620848,st_intersection
00400,115,Groton,2501727480,99.99704297,5.9578657138,87489753.27,87492340.44,1468474744,st_intersection
00501,115,Groton,2501727480,0.002957029,0.0007459401,2587.173545,87492340.44,346833953.4,st_intersection
00702,116,Groveland,2500927620,100,5.7876680507,24338762.24,24338762.24,420527957.5,st_intersection
01600,117,Hadley,2501527690,99.9708774,3.8479418124,63723686.52,63742249.93,1656046001,st_intersection
01901,117,Hadley,2501527690,0.019242757,0.0032965645,12265.76604,63742249.93,372077234.4,st_intersection
00200,117,Hadley,2501527690,0.009879848,0.0002504408,6297.63734,63742249.93,2514620848,st_intersection
04902,118,Halifax,2502327795,100,6.7731595785,45029136.54,45029136.54,664817298.6,st_intersection
00702,119,Hamilton,2500927900,99.99836234,9.1852550734,38626565.55,38627198.14,420527957.5,st_intersection
00703,119,Hamilton,2500927900,0.001637657,0.0000491705,632.5810297,38627198.14,1286504342,st_intersection
01902,120,Hampden,2501328075,100,16.8156570681,50865889.54,50865889.54,302491239.8,st_intersection
00100,121,Hancock,2500328180,100,3.7776040734,92595664.24,92595664.24,2451174407,st_intersection
04902,122,Hanover,2502328285,100,6.0883170440,40476184.9,40476184.9,664817298.6,st_intersection
04902,123,Hanson,2502328495,99.99999515,6.1292424980,40748264.4,40748266.37,664817298.6,st_intersection
00302,124,Hardwick,2502728740,99.99448847,9.7579092395,105817571.1,105823403.6,1084428729,st_intersection
00400,124,Hardwick,2502728740,0.005511531,0.0003971801,5832.489372,105823403.6,1468474744,st_intersection
01400,125,Harvard,2502728950,0.002082331,0.0003333559,1464.458882,70327876.61,439307878.4,st_intersection
00400,125,Harvard,2502728950,99.99791767,4.7890787677,70326412.16,70327876.61,1468474744,st_intersection
04800,126,Harwich,2500129020,100,1.2417980279,59813493.96,59813493.96,4816684567,st_intersection
01600,127,Hatfield,2501529265,0.013839136,0.0003641062,6029.765918,43570394,1656046001,st_intersection
00200,127,Hatfield,2501529265,99.98616086,1.7324426570,43564364.23,43570394,2514620848,st_intersection
00701,128,Haverhill,2500929405,99.99999919,53.9657762388,92455671.09,92455671.84,171322785.5,st_intersection
00200,129,Hawley,2501129475,100,3.1450256933,79085471.76,79085471.76,2514620848,st_intersection
00200,130,Heath,2501129650,99.99992475,2.5687380196,64594021.77,64594070.38,2514620848,st_intersection
03900,131,Hingham,2502330210,100,20.6902668928,64711565.43,64711565.43,312763318.9,st_intersection
00100,132,Hinsdale,2500330315,100,2.2923412870,56189282.94,56189282.94,2451174407,st_intersection
04901,133,Holbrook,2502130455,0.005053932,0.0003151696,963.8418853,19071129.87,305816914.4,st_intersection
03602,133,Holbrook,2502130455,99.99494607,12.5728437521,19070166.03,19071129.87,151677428,st_intersection
00302,134,Holden,2502730560,100,8.6739431518,94062731.47,94062731.47,1084428729,st_intersection
01600,135,Holland,2501330665,100,2.0409652651,33799323.66,33799323.66,1656046001,st_intersection
02400,136,Holliston,2501730700,99.99991055,14.7800741033,49344732.51,49344776.65,333859845.1,st_intersection
01600,137,Holyoke,2501330840,0.15355211,0.0054742222,90655.63708,59039004.64,1656046001,st_intersection
01901,137,Holyoke,2501330840,99.84644789,15.8430410528,58948349,59039004.64,372077234.4,st_intersection
02400,138,Hopedale,2502730945,0.003010846,0.0001249872,417.2821116,13859299.51,333859845.1,st_intersection
03601,138,Hopedale,2502730945,0.032419386,0.0011548203,4493.099788,13859299.51,389073491.5,st_intersection
00304,138,Hopedale,2502730945,99.96456977,1.6336572537,13854389.13,13859299.51,848059720,st_intersection
02400,139,Hopkinton,2501731085,100,21.6073325295,72138206.92,72138206.92,333859845.1,st_intersection
00400,140,Hubbardston,2502731435,100,7.4043173033,108730529.5,108730529.5,1468474744,st_intersection
01400,141,Hudson,2501731540,99.99649157,6.9943491967,30726727.06,30727805.13,439307878.4,st_intersection
00303,141,Hudson,2501731540,0.003508433,0.0002826832,1078.064449,30727805.13,381368468.3,st_intersection
03900,142,Hull,2502331645,100,23.3592798606,73059258.97,73059258.97,312763318.9,st_intersection
01600,143,Huntington,2501531785,100,4.1900911777,69389837.4,69389837.4,1656046001,st_intersection
00702,144,Ipswich,2500932310,0.002363814,0.0006174821,2596.684995,109851475.5,420527957.5,st_intersection
00703,144,Ipswich,2500932310,99.99763619,8.5385548443,109848878.8,109851475.5,1286504342,st_intersection
04903,145,Kingston,2502333220,100,3.7906651523,53052047.51,53052047.51,1399544549,st_intersection
04902,146,Lakeville,2502333920,100,14.0711785660,93547629.22,93547629.22,664817298.6,st_intersection
00400,147,Lancaster,2502734165,100,4.9355193113,72476854.55,72476854.55,1468474744,st_intersection
00100,148,Lanesborough,2500334340,100,3.1261574214,76627570.63,76627570.63,2451174407,st_intersection
01300,149,Lawrence,2500934550,0.000903822,0.0000694069,173.9122546,19241859.5,250569238.2,st_intersection
00701,149,Lawrence,2500934550,99.98338395,11.2294825246,19238662.26,19241859.5,171322785.5,st_intersection
00702,149,Lawrence,2500934550,0.015712226,0.0007189354,3023.324461,19241859.5,420527957.5,st_intersection
00100,150,Lee,2500334655,100,2.8543480231,69965048.22,69965048.22,2451174407,st_intersection
00302,151,Leicester,2502734795,100,5.8828994824,63795852.08,63795852.08,1084428729,st_intersection
00100,152,Lenox,2500334970,100,2.2893329887,56115544.3,56115544.3,2451174407,st_intersection
00301,153,Leominster,2502735075,99.99863931,20.3556748641,76871262.26,76872308.25,377640450.5,st_intersection
00400,153,Leominster,2502735075,0.001360686,0.0000712297,1045.990559,76872308.25,1468474744,st_intersection
00200,154,Leverett,2501135180,100,2.3641539761,59449508.76,59449508.76,2514620848,st_intersection
00503,155,Lexington,2501735215,99.99999999,23.4066610418,43095332.05,43095332.05,184115675.3,st_intersection
00200,156,Leyden,2501135285,100,1.8594981868,46759329.07,46759329.07,2514620848,st_intersection
00503,157,Lincoln,2501735425,99.99960042,21.0759578141,38804142.06,38804297.12,184115675.3,st_intersection
01400,158,Littleton,2501735950,99.99046858,10.3224239523,45347221.66,45351544.31,439307878.4,st_intersection
00501,158,Littleton,2501735950,0.009530256,0.0012461635,4322.118148,45351544.31,346833953.4,st_intersection
01902,159,Longmeadow,2501336300,99.99872458,8.2152213263,24850324.84,24850641.79,302491239.8,st_intersection
01901,159,Longmeadow,2501336300,0.000958919,0.0000640452,238.2975652,24850641.79,372077234.4,st_intersection
00502,160,Lowell,2501737000,100,100.0000000000,37629745.69,37629745.69,37629745.69,st_intersection
01902,161,Ludlow,2501337175,99.99991147,24.2616026639,73389222.68,73389287.65,302491239.8,st_intersection
00301,162,Lunenburg,2502737420,99.99309328,19.0271442816,71854193.38,71859156.49,377640450.5,st_intersection
00400,162,Lunenburg,2502737420,0.006906718,0.0003379772,4963.109439,71859156.49,1468474744,st_intersection
00704,163,Lynn,2500937490,88.14670787,66.4753000728,30866645.67,35017355.06,46433255.11,st_intersection
02800,163,Lynn,2500937490,0.009605006,0.0029441002,3363.418933,35017355.06,114242679.3,st_intersection
01000,163,Lynn,2500937490,0.004000412,0.0008328708,1400.838589,35017355.06,168193991.6,st_intersection
00703,163,Lynn,2500937490,11.83968671,0.3222643716,4145945.133,35017355.06,1286504342,st_intersection
02800,164,Lynnfield,2500937560,0.013644666,0.0032302711,3690.348216,27046086.21,114242679.3,st_intersection
01000,164,Lynnfield,2500937560,99.98635533,16.0780986280,27042395.86,27046086.21,168193991.6,st_intersection
00507,165,Malden,2501737875,0.000643819,0.0004149759,84.75065,13163733.73,20423027.54,st_intersection
00508,165,Malden,2501737875,99.99935618,36.9778290094,13163648.98,13163733.73,35598761.01,st_intersection
00703,166,Manchester-by-the-Sea,2500937995,100,3.6767945841,47302121.96,47302121.96,1286504342,st_intersection
04303,167,Mansfield,2500538225,99.99992179,12.8467815905,52888216.69,52888258.05,411684563.3,st_intersection
00703,168,Marblehead,2500938400,100,3.9419612393,50713502.49,50713502.49,1286504342,st_intersection
04301,169,Marion,2502338540,100,8.4162583747,67753313.75,67753313.75,805028918.3,st_intersection
00504,170,Marlborough,2501738715,99.99999736,34.2046870912,57227186.47,57227187.98,167308025.1,st_intersection
04902,171,Marshfield,2502338855,0.004161333,0.0005151849,3425.038268,82306271.59,664817298.6,st_intersection
04903,171,Marshfield,2502338855,99.99583867,5.8806878714,82302846.55,82306271.59,1399544549,st_intersection
04700,172,Mashpee,2500139100,100,11.3306679443,70587557.57,70587557.57,622977903.2,st_intersection
04301,173,Mattapoisett,2502339450,100,7.7771780342,62608532.2,62608532.2,805028918.3,st_intersection
01400,174,Maynard,2501739625,100,3.1626946950,13893966.96,13893966.96,439307878.4,st_intersection
02400,175,Medfield,2502139765,99.97346907,11.3656357094,37945293.78,37955363.69,333859845.1,st_intersection
03500,175,Medfield,2502139765,0.023987991,0.0035445746,9104.729059,37955363.69,256863801.4,st_intersection
03601,175,Medfield,2502139765,0.002542942,0.0002480721,965.1828449,37955363.69,389073491.5,st_intersection
00508,176,Medford,2501739835,99.99952987,63.0003747133,22427352.83,22427458.27,35598761.01,st_intersection
02400,177,Medway,2502139975,99.98027443,9.0496221986,30213054.66,30219015.53,333859845.1,st_intersection
03601,177,Medway,2502139975,0.019725567,0.0015320684,5960.872057,30219015.53,389073491.5,st_intersection
02800,178,Melrose,2501740115,100,10.8090922874,12348596.64,12348596.64,114242679.3,st_intersection
03601,179,Mendon,2502740255,0.002812586,0.0003366255,1309.720684,46566428.18,389073491.5,st_intersection
00304,179,Mendon,2502740255,99.99718741,5.4907829436,46565118.46,46566428.18,848059720,st_intersection
00701,180,Merrimac,2500940430,0.002872198,0.0003863617,661.9255562,23045961.27,171322785.5,st_intersection
00702,180,Merrimac,2500940430,99.9569538,5.4778857032,23036040.86,23045961.27,420527957.5,st_intersection
01300,181,Methuen,2500940710,0.002180178,0.0005181540,1298.334625,59551781.34,250569238.2,st_intersection
00701,181,Methuen,2500940710,99.99765353,34.7591733284,59550383.98,59551781.34,171322785.5,st_intersection
04303,182,Middleborough,2502340850,0.001118799,0.0005082330,2092.316989,187014634.4,411684563.3,st_intersection
04902,182,Middleborough,2502340850,99.99501964,28.1288288920,187005320.4,187014634.4,664817298.6,st_intersection
04901,182,Middleborough,2502340850,0.00385827,0.0023594279,7215.529492,187014634.4,305816914.4,st_intersection
01600,183,Middlefield,2501540990,0.001490695,0.0000562431,931.4117595,62481727.62,1656046001,st_intersection
00200,183,Middlefield,2501540990,99.99850931,2.4847004770,62480796.21,62481727.62,2514620848,st_intersection
01000,184,Middleton,2500941095,0.001498307,0.0003342701,562.2223036,37523838.85,168193991.6,st_intersection
00702,184,Middleton,2500941095,99.99850169,8.9228970289,37523276.63,37523838.85,420527957.5,st_intersection
02400,185,Milford,2502741165,99.99719223,11.6542702374,38908928.56,38910021.07,333859845.1,st_intersection
00303,185,Milford,2502741165,0.00156415,0.0001595861,608.6112121,38910021.07,381368468.3,st_intersection
00304,185,Milford,2502741165,0.001243616,0.0000570586,483.8913563,38910021.07,848059720,st_intersection
00302,186,Millbury,2502741340,99.99954949,3.9274720988,42590635.76,42590827.64,1084428729,st_intersection
02400,187,Millis,2502141515,99.99661775,9.5130815901,31760359.46,31761433.71,333859845.1,st_intersection
03601,187,Millis,2502141515,0.003382245,0.0002761045,1074.249588,31761433.71,389073491.5,st_intersection
00304,188,Millville,2502741585,100,1.5016313385,12734730.53,12734730.53,848059720,st_intersection
03603,189,Milton,2502141690,99.95231892,33.0870045773,34459138,34475576.33,104147046.4,st_intersection
03304,189,Milton,2502141690,0.01179196,0.0233129174,4065.346039,34475576.33,17438169.45,st_intersection
03305,189,Milton,2502141690,0.021930015,0.0165124054,7560.499158,34475576.33,45786782.44,st_intersection
03602,189,Milton,2502141690,0.000812359,0.0001846455,280.065497,34475576.33,151677428,st_intersection
03303,189,Milton,2502141690,0.013146746,0.0028094264,4532.416381,34475576.33,161328889.8,st_intersection
00200,190,Monroe,2501142040,99.9999981,1.1118736532,27959406.69,27959407.22,2514620848,st_intersection
01600,191,Monson,2501342145,99.99999991,7.0041421255,115991815.6,115991815.7,1656046001,st_intersection
00200,192,Montague,2501142285,100,3.2383171141,81431397.27,81431397.27,2514620848,st_intersection
00100,193,Monterey,2500342460,100,2.8954597472,70972768.28,70972768.28,2451174407,st_intersection
01600,194,Montgomery,2501342530,100,2.3564766649,39024337.58,39024337.58,1656046001,st_intersection
00100,195,Mount Washington,2500343300,100,2.3668429704,58015449.14,58015449.14,2451174407,st_intersection
00704,196,Nahant,2500943580,15.48027553,13.4972547469,6267214.729,40485162.66,46433255.11,st_intersection
00703,196,Nahant,2500943580,84.51972447,2.6597615584,34217947.93,40485162.66,1286504342,st_intersection
04800,197,Nantucket,2501943790,100,5.6613084570,272687370.7,272687370.7,4816684567,st_intersection
03500,198,Natick,2501743895,0.002297427,0.0003697064,949.6418586,41335018.31,256863801.4,st_intersection
00504,198,Natick,2501743895,99.99770257,24.7053712077,41334068.67,41335018.31,167308025.1,st_intersection
03602,199,Needham,2502144105,0.012106421,0.0026297501,3988.737319,32947288.74,151677428,st_intersection
03500,199,Needham,2502144105,99.98789358,12.8252014586,32943300,32947288.74,256863801.4,st_intersection
00100,200,New Ashford,2500344385,100,1.4237289515,34898079.68,34898079.68,2451174407,st_intersection
04500,201,New Bedford,2500545000,99.99693461,17.9975280373,62499910.93,62501826.85,347269418.3,st_intersection
04301,201,New Bedford,2500545000,0.003065386,0.0002379942,1915.922441,62501826.85,805028918.3,st_intersection
00302,202,New Braintree,2502745105,100,4.9955622351,54173312.05,54173312.05,1084428729,st_intersection
00100,203,New Marlborough,2500345420,100,5.0610013167,124053969,124053969,2451174407,st_intersection
01600,204,New Salem,2501145490,0.015217954,0.0013968361,23132.24779,152006297.9,1656046001,st_intersection
00200,204,New Salem,2501145490,99.9809784,6.0437494573,151977383.9,152006297.9,2514620848,st_intersection
00400,204,New Salem,2501145490,0.003803642,0.0003937266,5781.775237,152006297.9,1468474744,st_intersection
00703,205,Newbury,2500945175,100,5.2948871684,68118953.31,68118953.31,1286504342,st_intersection
00702,206,Newburyport,2500945245,0.000618003,0.0000407616,171.4138942,27736720.15,420527957.5,st_intersection
00703,206,Newburyport,2500945245,99.999382,2.1559623109,27736548.74,27736720.15,1286504342,st_intersection
03500,207,Newton,2501745560,0.024993349,0.0045757075,11753.33633,47025856.68,256863801.4,st_intersection
00503,207,Newton,2501745560,0.007471556,0.0019083455,3513.563206,47025856.68,184115675.3,st_intersection
03400,207,Newton,2501745560,99.9675351,72.6805749003,47010589.78,47025856.68,64681092.37,st_intersection
02400,208,Norfolk,2502146050,0.00149939,0.0001790802,597.87686,39874677.1,333859845.1,st_intersection
03601,208,Norfolk,2502146050,99.99850061,10.2484697855,39874079.22,39874677.1,389073491.5,st_intersection
00100,209,North Adams,2500346225,100,2.1781394438,53389996.59,53389996.59,2451174407,st_intersection
00701,210,North Andover,2500946365,0.000506979,0.0002124193,363.9226442,71782532.95,171322785.5,st_intersection
00702,210,North Andover,2500946365,99.99949302,17.0695355078,71782169.03,71782532.95,420527957.5,st_intersection
04200,211,North Attleborough,2500546598,100,12.9154205851,50190138.5,50190138.5,388606303.4,st_intersection
00302,212,North Brookfield,2502747135,100,5.2413568264,56838779.21,56838779.21,1084428729,st_intersection
01000,213,North Reading,2501748955,100,20.7701096426,34934076.47,34934076.47,168193991.6,st_intersection
01600,214,Northampton,2501546330,100,5.5908289650,92586699.52,92586699.52,1656046001,st_intersection
00303,215,Northborough,2502746820,99.81207747,12.7079944985,48464283.97,48555530.75,381368468.3,st_intersection
00504,215,Northborough,2502746820,0.187922528,0.0545381973,91246.78084,48555530.75,167308025.1,st_intersection
00304,216,Northbridge,2502746925,100,5.5129909556,46753455.66,46753455.66,848059720,st_intersection
00200,217,Northfield,2501147835,100,3.6408650366,91553951.26,91553951.26,2514620848,st_intersection
04303,218,Norton,2500549970,100,18.4406601841,75917351.35,75917351.35,411684563.3,st_intersection
04902,219,Norwell,2502350145,99.99566969,8.2738529737,55006005.83,55008387.86,664817298.6,st_intersection
04903,219,Norwell,2502350145,0.004330305,0.0001702005,2382.03124,55008387.86,1399544549,st_intersection
03602,220,Norwood,2502150250,100,18.0157156397,27325774.11,27325774.11,151677428,st_intersection
04800,221,Oak Bluffs,2500750390,100,1.3936189246,67126227.67,67126227.67,4816684567,st_intersection
00302,222,Oakham,2502750670,100,5.0676808731,54955387.28,54955387.28,1084428729,st_intersection
00200,223,Orange,2501151265,99.97836704,3.7085128573,93255037.46,93275215.65,2514620848,st_intersection
00400,223,Orange,2501151265,0.021632963,0.0013740919,20178.19253,93275215.65,1468474744,st_intersection
04800,224,Orleans,2500151440,100,1.2217909737,58849817.27,58849817.27,4816684567,st_intersection
00100,225,Otis,2500351580,100,4.0208746786,98558651.05,98558651.05,2451174407,st_intersection
00304,226,Oxford,2502751825,100,8.3749542261,71024613.36,71024613.36,848059720,st_intersection
01600,227,Palmer,2501352144,100,5.0035592111,82861242.25,82861242.25,1656046001,st_intersection
00302,228,Paxton,2502752420,100,3.6905626531,40021521.67,40021521.67,1084428729,st_intersection
01000,229,Peabody,2500952490,100,25.8844231596,43536044.52,43536044.52,168193991.6,st_intersection
00200,230,Pelham,2501552560,100,2.7341131667,68752579.7,68752579.7,2514620848,st_intersection
04902,231,Pembroke,2502352630,99.97091609,9.1747405974,60995262.59,61013007.55,664817298.6,st_intersection
04903,231,Pembroke,2502352630,0.029083906,0.0012679100,17744.9659,61013007.55,1399544549,st_intersection
00501,232,Pepperell,2501752805,100,17.2963348068,59989561.81,59989561.81,346833953.4,st_intersection
00100,233,Peru,2500353050,100,2.7510080824,67432006.04,67432006.04,2451174407,st_intersection
00302,234,Petersham,2502753120,0.001136085,0.0001851583,2007.90933,176739282.7,1084428729,st_intersection
00400,234,Petersham,2502753120,99.9984444,12.0353812066,176736533.3,176739282.7,1468474744,st_intersection
00400,235,Phillipston,2502753225,100,4.3452464660,63808846.9,63808846.9,1468474744,st_intersection
00100,236,Pittsfield,2500353960,100,4.4865054277,109972072.8,109972072.8,2451174407,st_intersection
00200,237,Plainfield,2501554030,100,2.1992844499,55303665.28,55303665.28,2514620848,st_intersection
04200,238,Plainville,2502154100,100,7.6701631631,29806737.53,29806737.53,388606303.4,st_intersection
04700,239,Plymouth,2502354310,0.000641262,0.0003571830,2225.171186,346998490.1,622977903.2,st_intersection
04903,239,Plymouth,2502354310,99.99934366,24.7935096310,346996212.6,346998490.1,1399544549,st_intersection
04902,240,Plympton,2502354415,100,5.8843758998,39120348.89,39120348.89,664817298.6,st_intersection
00400,241,Princeton,2502755395,100,6.3191550225,92795195.52,92795195.52,1468474744,st_intersection
04800,242,Provincetown,2500155500,100,0.9399724915,45275509.93,45275509.93,4816684567,st_intersection
03603,243,Quincy,2502155745,99.99139837,66.9035424997,69678063.43,69684057.4,104147046.4,st_intersection
03900,243,Quincy,2502155745,0.008352886,0.0018610335,5820.630212,69684057.4,312763318.9,st_intersection
03603,244,Randolph,2502156000,0.003032692,0.0007853350,817.903167,26969541.67,104147046.4,st_intersection
03900,244,Randolph,2502156000,0.001101474,0.0000949800,297.0624951,26969541.67,312763318.9,st_intersection
03602,244,Randolph,2502156000,99.99586583,17.7801186794,26968426.7,26969541.67,151677428,st_intersection
04303,245,Raynham,2500556060,99.99970579,13.0691096590,53803507.03,53803665.32,411684563.3,st_intersection
02800,246,Reading,2501756130,0.00051027,0.0001155635,132.022794,25873147.43,114242679.3,st_intersection
01000,246,Reading,2501756130,99.99948973,15.3828416553,25873015.41,25873147.43,168193991.6,st_intersection
04200,247,Rehoboth,2500556375,100,31.6420276909,122962914.1,122962914.1,388606303.4,st_intersection
03306,248,Revere,2502556585,65.42470566,42.9937855911,17167355.01,26239865.87,39929852.13,st_intersection
03302,248,Revere,2502556585,3.12876955,2.6423228948,820984.9333,26239865.87,31070575.62,st_intersection
02800,248,Revere,2502556585,0.337626505,0.0775478503,88592.74199,26239865.87,114242679.3,st_intersection
03303,248,Revere,2502556585,31.10889828,5.0598086878,8162933.183,26239865.87,161328889.8,st_intersection
00100,249,Richmond,2500356795,100,2.0107937761,49288062.41,49288062.41,2451174407,st_intersection
04902,250,Rochester,2502357600,0.003946166,0.0005539542,3682.783553,93325620.83,664817298.6,st_intersection
04301,250,Rochester,2502357600,99.99605383,11.5923708984,93321938.04,93325620.83,805028918.3,st_intersection
04901,251,Rockland,2502357775,100,8.5712385349,26212297.21,26212297.21,305816914.4,st_intersection
00703,252,Rockport,2500957880,100,3.5308559290,45424614.83,45424614.83,1286504342,st_intersection
00100,253,Rowe,2501158335,0.036276691,0.0009209291,22573.57736,62226120.14,2451174407,st_intersection
00200,253,Rowe,2501158335,99.96372331,2.4736749721,62203546.56,62226120.14,2514620848,st_intersection
00703,254,Rowley,2500958405,99.99980417,4.0972780641,52711660.19,52711763.41,1286504342,st_intersection
00400,255,Royalston,2502758580,99.99980759,7.4958305010,110074377.7,110074589.5,1468474744,st_intersection
01600,256,Russell,2501358650,99.99685958,2.7998996264,46367625.81,46369081.99,1656046001,st_intersection
01901,256,Russell,2501358650,0.003140419,0.0003913659,1456.183352,46369081.99,372077234.4,st_intersection
00302,257,Rutland,2502758825,100,8.6603959085,93915821.28,93915821.28,1084428729,st_intersection
01000,258,Salem,2500959105,0.000526641,0.0001484101,249.616929,47397936.64,168193991.6,st_intersection
00703,258,Salem,2500959105,99.99947336,3.6842228579,47397687.02,47397936.64,1286504342,st_intersection
00703,259,Salisbury,2500959245,99.71662646,3.5702086052,45930888.71,46061414.57,1286504342,st_intersection
01600,260,Sandisfield,2500359665,0.010386199,0.0008601066,14243.76103,137141228.3,1656046001,st_intersection
00100,260,Sandisfield,2500359665,99.9896138,5.5943381346,137126984.6,137141228.3,2451174407,st_intersection
04700,261,Sandwich,2500159735,99.99214829,18.4399573815,114876859.8,114885880.3,622977903.2,st_intersection
04800,261,Sandwich,2500159735,0.007851708,0.0001872762,9020.503778,114885880.3,4816684567,st_intersection
03306,262,Saugus,2500960015,0.116917687,0.0891976105,35616.47398,30462862.39,39929852.13,st_intersection
02800,262,Saugus,2500960015,99.88308231,26.6338693114,30427245.92,30462862.39,114242679.3,st_intersection
00100,263,Savoy,2500360225,100,3.8071110225,93318931.02,93318931.02,2451174407,st_intersection
03900,264,Scituate,2502360330,0.005775403,0.0015224251,4761.587153,82445966.52,312763318.9,st_intersection
04903,264,Scituate,2502360330,99.9942246,5.8905738289,82441204.93,82445966.52,1399544549,st_intersection
04200,265,Seekonk,2500560645,99.96674876,12.4200079741,48264933.87,48280987.9,388606303.4,st_intersection
03602,266,Sharon,2502160785,0.010729613,0.0044682230,6777.285778,63164307.18,151677428,st_intersection
03601,266,Sharon,2502160785,99.98927039,16.2328021000,63157529.9,63164307.18,389073491.5,st_intersection
00100,267,Sheffield,2500361065,100,5.1289491998,125719490.1,125719490.1,2451174407,st_intersection
00200,268,Shelburne,2501161135,100,2.4111624017,60631592.43,60631592.43,2514620848,st_intersection
02400,269,Sherborn,2501761380,0.003561985,0.0004463805,1490.285393,41838622.26,333859845.1,st_intersection
03500,269,Sherborn,2501761380,99.99643802,16.2876714236,41837131.98,41838622.26,256863801.4,st_intersection
00400,270,Shirley,2501761590,100,2.8036424175,41170780.8,41170780.8,1468474744,st_intersection
00303,271,Shrewsbury,2502761800,100,14.7741806693,56344066.52,56344066.52,381368468.3,st_intersection
00200,272,Shutesbury,2501161905,100,2.7927922106,70228135.17,70228135.17,2514620848,st_intersection
04302,273,Somerset,2500562430,99.99578492,22.8111919886,30798913.23,30800211.49,135016676.2,st_intersection
04200,273,Somerset,2500562430,0.00421508,0.0003340794,1298.253594,30800211.49,388606303.4,st_intersection
00507,274,Somerville,2501762535,99.96893672,53.5297226454,10932390,10935787.01,20423027.54,st_intersection
00508,274,Somerville,2501762535,0.013442586,0.0041295047,1470.052523,10935787.01,35598761.01,st_intersection
00506,274,Somerville,2501762535,0.000987647,0.0005887955,108.0070269,10935787.01,18343725.24,st_intersection
00505,274,Somerville,2501762535,0.01663305,0.0033960652,1818.954894,10935787.01,53560659.16,st_intersection
01600,275,South Hadley,2501564145,99.58924645,2.8716008995,47555031.87,47751171.5,1656046001,st_intersection
01902,275,South Hadley,2501564145,0.001283509,0.0002026144,612.8906659,47751171.5,302491239.8,st_intersection
01901,275,South Hadley,2501564145,0.409470038,0.0525500412,195526.7401,47751171.5,372077234.4,st_intersection
01600,276,Southampton,2501562745,99.9865861,4.5280187233,74986073.01,74996132.92,1656046001,st_intersection
01901,276,Southampton,2501562745,0.013413902,0.0027037149,10059.90767,74996132.92,372077234.4,st_intersection
02400,277,Southborough,2502763165,99.998253,12.0417005214,40202402.71,40203105.06,333859845.1,st_intersection
00303,277,Southborough,2502763165,0.001746997,0.0001841649,702.3470142,40203105.06,381368468.3,st_intersection
00304,278,Southbridge,2502763345,100,6.3705542805,54026104.8,54026104.8,848059720,st_intersection
01901,279,Southwick,2501365825,99.98657989,22.0261330878,81954226.85,81965226.67,372077234.4,st_intersection
00302,280,Spencer,2502766105,100,8.1225761134,88083548.91,88083548.91,1084428729,st_intersection
01900,281,Springfield,2501367000,99.99983667,99.9951561646,85671821.83,85671961.76,85675971.84,st_intersection
00400,282,Sterling,2502767385,100,5.5869978141,82043651.83,82043651.83,1468474744,st_intersection
00100,283,Stockbridge,2500367595,100,2.5020333044,61329200.01,61329200.01,2451174407,st_intersection
02800,284,Stoneham,2501767665,100,15.0648580012,17210497.42,17210497.42,114242679.3,st_intersection
03602,285,Stoughton,2502167945,0.001022795,0.0002874563,436.0063091,42628913.49,151677428,st_intersection
04000,285,Stoughton,2502167945,99.99897721,38.7161716903,42628477.49,42628913.49,110105094.7,st_intersection
01400,286,Stow,2501768050,100,10.6093886799,46607880.32,46607880.32,439307878.4,st_intersection
00304,287,Sturbridge,2502768155,100,11.8998158381,100917544.9,100917544.9,848059720,st_intersection
01400,288,Sudbury,2501768260,99.97743054,14.5876476480,64084685.39,64099152.22,439307878.4,st_intersection
03500,288,Sudbury,2501768260,0.022569464,0.0056321034,14466.8348,64099152.22,256863801.4,st_intersection
00200,289,Sunderland,2501168400,100,1.5177324819,38165217.41,38165217.41,2514620848,st_intersection
00304,290,Sutton,2502768610,100,10.3918555390,88129140.99,88129140.99,848059720,st_intersection
00704,291,Swampscott,2500968645,53.51794524,20.0274451804,9299394.712,17376217.77,46433255.11,st_intersection
00703,291,Swampscott,2500968645,46.48205476,0.6278115665,8076823.061,17376217.77,1286504342,st_intersection
04302,292,Swansea,2500568750,0.003456792,0.0016758208,2262.637547,65454841.9,135016676.2,st_intersection
04200,292,Swansea,2500568750,99.99647646,16.8428908645,65452535.57,65454841.9,388606303.4,st_intersection
04303,293,Taunton,2500569170,100,30.4569533615,125386575.4,125386575.4,411684563.3,st_intersection
00301,294,Templeton,2502769275,0.00172433,0.0003830120,1446.408161,83882337.15,377640450.5,st_intersection
00400,294,Templeton,2502769275,99.99827567,5.7121098682,83880890.74,83882337.15,1468474744,st_intersection
01300,295,Tewksbury,2501769415,99.99604835,21.8566728881,54766098.74,54768262.99,250569238.2,st_intersection
00501,295,Tewksbury,2501769415,0.003951654,0.0006240024,2164.25222,54768262.99,346833953.4,st_intersection
04800,296,Tisbury,2500769940,100,1.0275302827,49492892.55,49492892.55,4816684567,st_intersection
01600,297,Tolland,2501370045,99.99169771,5.1310537430,84972610.34,84979665.6,1656046001,st_intersection
00100,297,Tolland,2501370045,0.008302286,0.0002878316,7055.254679,84979665.6,2451174407,st_intersection
01000,298,Topsfield,2500970150,0.006347129,0.0012511343,2104.332674,33154087.27,168193991.6,st_intersection
00702,298,Topsfield,2500970150,99.99365287,7.8834194829,33151982.94,33154087.27,420527957.5,st_intersection
00400,299,Townsend,2501770360,99.99999937,5.8135779654,85370924.12,85370924.66,1468474744,st_intersection
04800,300,Truro,2500170605,100,1.4107532525,67951534.19,67951534.19,4816684567,st_intersection
00400,301,Tyngsborough,2501771025,0.001606652,0.0000513130,753.5184684,46899920.82,1468474744,st_intersection
00501,301,Tyngsborough,2501771025,99.99839335,13.5220807631,46899167.3,46899920.82,346833953.4,st_intersection
00100,302,Tyringham,2500371095,100,1.9926111961,48842375.67,48842375.67,2451174407,st_intersection
02400,303,Upton,2502771480,0.000784957,0.0001329535,443.8783691,56548114.98,333859845.1,st_intersection
00303,303,Upton,2502771480,99.99921504,14.8275685590,56547671.1,56548114.98,381368468.3,st_intersection
00304,304,Uxbridge,2502771620,100,9.2419695326,78377420.94,78377420.94,848059720,st_intersection
02800,305,Wakefield,2501772215,99.67508869,18.0654633050,20638469.32,20705744.62,114242679.3,st_intersection
01000,305,Wakefield,2501772215,0.324911305,0.0399986375,67275.30507,20705744.62,168193991.6,st_intersection
01600,306,Wales,2501372390,100,2.4995493757,41393687.49,41393687.49,1656046001,st_intersection
03500,307,Walpole,2502172495,0.051016135,0.0108366752,27835.49591,54562141.37,256863801.4,st_intersection
03601,307,Walpole,2502172495,99.94898386,14.0164537207,54534305.87,54562141.37,389073491.5,st_intersection
03500,308,Waltham,2501772600,0.001427024,0.0001979873,508.5576283,35637648.26,256863801.4,st_intersection
00503,308,Waltham,2501772600,99.99841028,19.3558107707,35637081.71,35637648.26,184115675.3,st_intersection
01600,309,Ware,2501572880,99.97309239,6.2505634027,103512205.3,103540065.5,1656046001,st_intersection
00200,309,Ware,2501572880,0.016836359,0.0006932408,17432.3768,103540065.5,2514620848,st_intersection
00400,309,Ware,2501572880,0.009645258,0.0006800734,9986.70595,103540065.5,1468474744,st_intersection
04301,310,Wareham,2502372985,99.99998963,14.8849599712,119828232.2,119828244.7,805028918.3,st_intersection
00302,311,Warren,2502773090,100,6.6001497096,71573919.61,71573919.61,1084428729,st_intersection
00200,312,Warwick,2501173265,100,3.8789419565,97540683.12,97540683.12,2514620848,st_intersection
00100,313,Washington,2500373335,100,4.1015394000,100535884.1,100535884.1,2451174407,st_intersection
00506,314,Watertown,2501773440,0.001175552,0.0006849362,125.6428062,10687983.11,18343725.24,st_intersection
03301,314,Watertown,2501773440,0.002439602,0.0016484854,260.7442112,10687983.11,15817198.24,st_intersection
00503,314,Watertown,2501773440,0.000574,0.0000333209,61.34899188,10687983.11,184115675.3,st_intersection
00505,314,Watertown,2501773440,99.99581085,19.9540773773,10687535.37,10687983.11,53560659.16,st_intersection
01400,315,Wayland,2501773790,0.054946781,0.0051357349,22561.68792,41060982.33,439307878.4,st_intersection
03500,315,Wayland,2501773790,99.91516046,15.9719455047,41026146.38,41060982.33,256863801.4,st_intersection
00504,315,Wayland,2501773790,0.029892762,0.0073363257,12274.26171,41060982.33,167308025.1,st_intersection
00304,316,Webster,2502773895,100,4.4575816122,37802954.14,37802954.14,848059720,st_intersection
03500,317,Wellesley,2502174175,99.95721871,10.6121484913,27258768.02,27270434.67,256863801.4,st_intersection
03400,317,Wellesley,2502174175,0.042781294,0.0180371795,11666.64474,27270434.67,64681092.37,st_intersection
04800,318,Wellfleet,2500174385,100,1.9036347523,91692081.33,91692081.33,4816684567,st_intersection
00200,319,Wendell,2501174525,100,3.3190443331,83461380.75,83461380.75,2514620848,st_intersection
00702,320,Wenham,2500974595,99.99922194,5.0139152928,21084915.57,21085079.63,420527957.5,st_intersection
00703,320,Wenham,2500974595,0.00077806,0.0000127520,164.0545472,21085079.63,1286504342,st_intersection
00302,321,West Boylston,2502775155,100,3.3109475253,35904866.17,35904866.17,1084428729,st_intersection
04901,322,West Bridgewater,2502375260,100,13.2749032579,40596899.53,40596899.53,305816914.4,st_intersection
00302,323,West Brookfield,2502775400,100,5.0410466289,54666557.89,54666557.89,1084428729,st_intersection
00701,324,West Newbury,2500977150,0.001671982,0.0003721943,637.6536952,38137593.47,171322785.5,st_intersection
00702,324,West Newbury,2500977150,99.99832802,9.0688276814,38136955.82,38137593.47,420527957.5,st_intersection
01901,325,West Springfield,2501377890,100,12.2057331066,45414754.19,45414754.19,372077234.4,st_intersection
00100,326,West Stockbridge,2500377990,100,1.9739443745,48384819.31,48384819.31,2451174407,st_intersection
04800,327,West Tisbury,2500778235,100,2.2461127154,108188164.5,108188164.5,4816684567,st_intersection
00303,328,Westborough,2502775015,100,14.5737944720,55579856.75,55579856.75,381368468.3,st_intersection
01901,329,Westfield,2501376030,100,32.9328936875,122535800.1,122535800.1,372077234.4,st_intersection
00501,330,Westford,2501776135,100,23.4192168748,81225795.75,81225795.75,346833953.4,st_intersection
01600,331,Westhampton,2501576380,100,4.2789769485,70861826.66,70861826.66,1656046001,st_intersection
00301,332,Westminster,2502777010,100,25.5495748680,96485529.64,96485529.64,377640450.5,st_intersection
03500,333,Weston,2501777255,99.99947804,17.4754015687,44887980.78,44888215.08,256863801.4,st_intersection
00503,333,Weston,2501777255,0.000521965,0.0001272573,234.3005935,44888215.08,184115675.3,st_intersection
04500,334,Westport,2500577570,10.50402808,5.0603772817,17573142.75,167299083.9,347269418.3,st_intersection
04301,334,Westport,2500577570,89.49597192,18.5988276670,149725941.2,167299083.9,805028918.3,st_intersection
03602,335,Westwood,2502178690,0.093536215,0.0178520987,27077.60416,28948791.91,151677428,st_intersection
03500,335,Westwood,2502178690,99.86319449,11.2546759044,28909188.36,28948791.91,256863801.4,st_intersection
03601,335,Westwood,2502178690,0.043269298,0.0032194275,12525.93899,28948791.91,389073491.5,st_intersection
03900,336,Weymouth,2502178972,100,17.8639126076,55871765.96,55871765.96,312763318.9,st_intersection
00200,337,Whately,2501179110,100,2.1286363635,53527133.77,53527133.77,2514620848,st_intersection
04901,338,Whitman,2502379530,99.99975171,5.8931776187,18022333.95,18022378.7,305816914.4,st_intersection
01902,339,Wilbraham,2501379740,100,19.1221047967,57842691.87,57842691.87,302491239.8,st_intersection
00200,340,Williamsburg,2501579915,100,2.6441743238,66490958.8,66490958.8,2514620848,st_intersection
00100,341,Williamstown,2500379985,100,4.9507968505,121352665.3,121352665.3,2451174407,st_intersection
01300,342,Wilmington,2501780230,99.99971537,17.7191971176,44398857.22,44398983.6,250569238.2,st_intersection
00400,343,Winchendon,2502780405,100,7.7738693979,114157308.7,114157308.7,1468474744,st_intersection
00505,344,Winchester,2501780510,99.99999731,30.6915693721,16438606.86,16438607.31,53560659.16,st_intersection
00100,345,Windsor,2500380685,100,3.7151764134,91065453.41,91065453.41,2451174407,st_intersection
03306,346,Winthrop,2502581005,35.56660438,19.1906956369,7662816.391,21544976.04,39929852.13,st_intersection
03302,346,Winthrop,2502581005,5.489519294,3.8065455594,1182715.617,21544976.04,31070575.62,st_intersection
03303,346,Winthrop,2502581005,58.94387633,7.8717730258,12699444.03,21544976.04,161328889.8,st_intersection
02800,347,Woburn,2501781035,99.99812142,29.3427167161,33521905.77,33522535.52,114242679.3,st_intersection
01000,347,Woburn,2501781035,0.001878075,0.0003743168,629.5783895,33522535.52,168193991.6,st_intersection
00302,348,Worcester,2502782000,0.003317153,0.0003045683,3302.826501,99568106.51,1084428729,st_intersection
00303,348,Worcester,2502782000,0.000624365,0.0001630100,621.6687351,99568106.51,381368468.3,st_intersection
00300,348,Worcester,2502782000,99.99605848,99.9998072829,99564182.01,99568106.51,99564373.89,st_intersection
00100,349,Worthington,2501582175,0.000628186,0.0000213077,522.2876831,83142174.91,2451174407,st_intersection
00200,349,Worthington,2501582175,99.99937181,3.3063295680,83141652.62,83142174.91,2514620848,st_intersection
03601,350,Wrentham,2502182315,100,15.0503354608,58556865.66,58556865.66,389073491.5,st_intersection
04800,351,Yarmouth,2500182525,99.99993724,1.5177578979,73105610.43,73105656.31,4816684567,st_intersection
