zip,muni_name,muni_id
02351,Abington,1
02351,Abington,1
01720,Acton,2
01720,Acton,2
01720,Acton,2
01720,Acton,2
02743,Acushnet,3
01220,Adams,4
01001,Agawam,5
01001,Agawam,5
01001,Agawam,5
01030,Agawam,5
01913,Amesbury,7
01002,Amherst,8
01002,Amherst,8
01002,Amherst,8
01002,Amherst,8
01002,Amherst,8
01059,Amherst,8
01810,Andover,9
01810,Andover,9
01810,Andover,9
01810,Andover,9
02476,Arlington,10
02474,Arlington,10
02476,Arlington,10
02476,Arlington,10
01430,Ashburnham,11
01431,Ashby,12
01330,Ashfield,13
01721,Ashland,14
01331,Athol,15
01331,Athol,15
01331,Athol,15
02703,Attleboro,16
02703,Attleboro,16
02763,Attleboro,16
02763,Attleboro,16
02763,Attleboro,16
02763,Attleboro,16
01501,Auburn,17
02322,Avon,18
01432,Ayer,19
01432,Ayer,19
02630,Barnstable,20
02632,Barnstable,20
02632,Barnstable,20
02632,Barnstable,20
02632,Barnstable,20
02635,Barnstable,20
02637,Barnstable,20
02601,Barnstable,20
02647,Barnstable,20
02648,Barnstable,20
02655,Barnstable,20
02668,Barnstable,20
02672,Barnstable,20
01005,Barre,21
01074,Barre,21
01223,Becket,22
01730,Bedford,23
01007,Belchertown,24
02019,Bellingham,25
02019,Bellingham,25
02478,Belmont,26
02478,Belmont,26
01503,Berlin,28
01337,Bernardston,29
01915,Beverly,30
01915,Beverly,30
01915,Beverly,30
01915,Beverly,30
01965,Beverly,30
01821,Billerica,31
01821,Billerica,31
01821,Billerica,31
01821,Billerica,31
01821,Billerica,31
01821,Billerica,31
01862,Billerica,31
01865,Billerica,31
01866,Billerica,31
01504,Blackstone,32
01008,Blandford,33
01740,Bolton,34
02114,Boston,35
02205,Boston,35
02205,Boston,35
02205,Boston,35
02111,Boston,35
02113,Boston,35
02114,Boston,35
02114,Boston,35
02114,Boston,35
02215,Boston,35
02116,Boston,35
02116,Boston,35
02118,Boston,35
02115,Boston,35
02133,Boston,35
02205,Boston,35
02109,Boston,35
02199,Boston,35
02114,Boston,35
02205,Boston,35
02205,Boston,35
02215,Boston,35
02205,Boston,35
02114,Boston,35
02205,Boston,35
02205,Boston,35
02205,Boston,35
02135,Boston,35
02135,Boston,35
02135,Boston,35
02135,Boston,35
02129,Boston,35
02121,Boston,35
02121,Boston,35
02121,Boston,35
02121,Boston,35
02122,Boston,35
02122,Boston,35
02122,Boston,35
02122,Boston,35
02122,Boston,35
02122,Boston,35
02122,Boston,35
02122,Boston,35
02125,Boston,35
02125,Boston,35
02125,Boston,35
02125,Boston,35
02124,Boston,35
02124,Boston,35
02124,Boston,35
02124,Boston,35
02128,Boston,35
02136,Boston,35
02136,Boston,35
02136,Boston,35
02136,Boston,35
02136,Boston,35
02136,Boston,35
02136,Boston,35
02136,Boston,35
02136,Boston,35
02130,Boston,35
02126,Boston,35
02131,Boston,35
02119,Boston,35
02119,Boston,35
02119,Boston,35
02119,Boston,35
02119,Boston,35
02119,Boston,35
02119,Boston,35
02119,Boston,35
02119,Boston,35
02119,Boston,35
02119,Boston,35
02119,Boston,35
02119,Boston,35
02119,Boston,35
02119,Boston,35
02119,Boston,35
02120,Boston,35
02127,Boston,35
02132,Boston,35
02532,Bourne,36
02532,Bourne,36
02532,Bourne,36
02532,Bourne,36
02532,Bourne,36
02532,Bourne,36
02532,Bourne,36
02532,Bourne,36
02532,Bourne,36
02534,Bourne,36
02553,Bourne,36
02559,Bourne,36
02561,Bourne,36
02562,Bourne,36
01921,Boxford,38
01885,Boxford,38
01505,Boylston,39
02184,Braintree,40
02184,Braintree,40
02184,Braintree,40
02631,Brewster,41
02324,Bridgewater,42
01010,Brimfield,43
02302,Brockton,44
02302,Brockton,44
02302,Brockton,44
02301,Brockton,44
02301,Brockton,44
01506,Brookfield,45
02446,Brookline,46
02446,Brookline,46
02445,Brookline,46
02467,Brookline,46
01338,Buckland,47
01803,Burlington,48
01803,Burlington,48
01803,Burlington,48
02139,Cambridge,49
02139,Cambridge,49
02139,Cambridge,49
02140,Cambridge,49
02139,Cambridge,49
02141,Cambridge,49
02139,Cambridge,49
02141,Cambridge,49
02139,Cambridge,49
02138,Cambridge,49
02021,Canton,50
01741,Carlisle,51
02330,Carver,52
02330,Carver,52
02355,Carver,52
02366,Carver,52
01339,Charlemont,53
01339,Charlemont,53
01507,Charlton,54
01507,Charlton,54
01508,Charlton,54
02633,Chatham,55
02650,Chatham,55
02659,Chatham,55
02669,Chatham,55
01824,Chelmsford,56
01824,Chelmsford,56
01863,Chelmsford,56
02150,Chelsea,57
02150,Chelsea,57
02150,Chelsea,57
02150,Chelsea,57
02150,Chelsea,57
02150,Chelsea,57
02150,Chelsea,57
02150,Chelsea,57
02150,Chelsea,57
01225,Cheshire,58
01011,Chester,59
01012,Chesterfield,60
01012,Chesterfield,60
01020,Chicopee,61
01013,Chicopee,61
01020,Chicopee,61
01020,Chicopee,61
01020,Chicopee,61
02535,Chilmark,62
02535,Chilmark,62
01510,Clinton,64
02025,Cohasset,65
01340,Colrain,66
01742,Concord,67
01742,Concord,67
01341,Conway,68
01026,Cummington,69
01226,Dalton,70
01226,Dalton,70
01923,Danvers,71
01937,Danvers,71
02747,Dartmouth,72
02748,Dartmouth,72
02026,Dedham,73
02026,Dedham,73
01342,Deerfield,74
01373,Deerfield,74
01373,Deerfield,74
01373,Deerfield,74
01373,Deerfield,74
01373,Deerfield,74
01373,Deerfield,74
01373,Deerfield,74
01373,Deerfield,74
01373,Deerfield,74
02638,Dennis,75
02639,Dennis,75
02641,Dennis,75
02660,Dennis,75
02670,Dennis,75
02715,Dighton,76
02764,Dighton,76
02764,Dighton,76
02764,Dighton,76
02764,Dighton,76
01516,Douglas,77
02030,Dover,78
01826,Dracut,79
01826,Dracut,79
01571,Dudley,80
01827,Dunstable,81
02332,Duxbury,82
02331,Duxbury,82
02332,Duxbury,82
02333,East Bridgewater,83
02333,East Bridgewater,83
02333,East Bridgewater,83
01515,East Brookfield,84
01028,East Longmeadow,85
01028,East Longmeadow,85
01028,East Longmeadow,85
01028,East Longmeadow,85
02642,Eastham,86
02651,Eastham,86
01027,Easthampton,87
01027,Easthampton,87
02334,Easton,88
02356,Easton,88
02375,Easton,88
02539,Edgartown,89
01258,Egremont,90
01344,Erving,91
01344,Erving,91
01929,Essex,92
02149,Everett,93
02719,Fairhaven,94
02719,Fairhaven,94
02720,Fall River,95
02722,Fall River,95
02722,Fall River,95
02722,Fall River,95
02723,Fall River,95
02724,Fall River,95
02536,Falmouth,96
02536,Falmouth,96
02536,Falmouth,96
02536,Falmouth,96
02536,Falmouth,96
02536,Falmouth,96
02536,Falmouth,96
02536,Falmouth,96
02536,Falmouth,96
02717,Falmouth,96
02540,Falmouth,96
02540,Falmouth,96
02540,Falmouth,96
02556,Falmouth,96
02536,Falmouth,96
02574,Falmouth,96
02543,Falmouth,96
01420,Fitchburg,97
01420,Fitchburg,97
02035,Foxborough,99
02035,Foxborough,99
02035,Foxborough,99
02035,Foxborough,99
01701,Framingham,100
01701,Framingham,100
01701,Framingham,100
01702,Framingham,100
01701,Framingham,100
01701,Framingham,100
02038,Franklin,101
02702,Freetown,102
01440,Gardner,103
01833,Georgetown,105
01833,Georgetown,105
01930,Gloucester,107
01930,Gloucester,107
01930,Gloucester,107
01930,Gloucester,107
01930,Gloucester,107
01032,Goshen,108
02713,Gosnold,109
01519,Grafton,110
01536,Grafton,110
01560,Grafton,110
01033,Granby,111
01034,Granville,112
01230,Great Barrington,113
01236,Great Barrington,113
01301,Greenfield,114
01301,Greenfield,114
01450,Groton,115
01472,Groton,115
01834,Groveland,116
01035,Hadley,117
02338,Halifax,118
02350,Halifax,118
01936,Hamilton,119
01982,Hamilton,119
01982,Hamilton,119
01982,Hamilton,119
01982,Hamilton,119
01036,Hampden,120
01237,Hancock,121
02339,Hanover,122
02339,Hanover,122
02341,Hanson,123
01031,Hardwick,124
01037,Hardwick,124
01094,Hardwick,124
01434,Harvard,125
01451,Harvard,125
01451,Harvard,125
02645,Harwich,126
02646,Harwich,126
02661,Harwich,126
02671,Harwich,126
01038,Hatfield,127
01066,Hatfield,127
01835,Haverhill,128
01830,Haverhill,128
01830,Haverhill,128
01835,Haverhill,128
01830,Haverhill,128
01835,Haverhill,128
01830,Haverhill,128
01835,Haverhill,128
01346,Heath,130
02043,Hingham,131
02043,Hingham,131
02043,Hingham,131
01235,Hinsdale,132
01235,Hinsdale,132
02343,Holbrook,133
01520,Holden,134
01522,Holden,134
01746,Holliston,136
02337,Holyoke,137
01040,Holyoke,137
01040,Holyoke,137
01040,Holyoke,137
01747,Hopedale,138
01748,Hopkinton,139
01784,Hopkinton,139
01452,Hubbardston,140
01749,Hudson,141
02045,Hull,142
02045,Hull,142
01050,Huntington,143
01050,Huntington,143
01938,Ipswich,144
01938,Ipswich,144
02364,Kingston,145
02347,Lakeville,146
02347,Lakeville,146
02347,Lakeville,146
01523,Lancaster,147
01561,Lancaster,147
01237,Lanesborough,148
01237,Lanesborough,148
01840,Lawrence,149
01840,Lawrence,149
01840,Lawrence,149
01840,Lawrence,149
01840,Lawrence,149
01840,Lawrence,149
01238,Lee,150
01238,Lee,150
01260,Lee,150
01524,Leicester,151
01542,Leicester,151
01240,Lenox,152
01242,Lenox,152
01453,Leominster,153
01054,Leverett,154
02420,Lexington,155
02420,Lexington,155
01773,Lincoln,157
01773,Lincoln,157
01460,Littleton,158
01460,Littleton,158
01106,Longmeadow,159
01850,Lowell,160
01851,Lowell,160
01854,Lowell,160
01852,Lowell,160
01854,Lowell,160
01854,Lowell,160
01056,Ludlow,161
01462,Lunenburg,162
01901,Lynn,163
01901,Lynn,163
01901,Lynn,163
01904,Lynn,163
01901,Lynn,163
01901,Lynn,163
01905,Lynn,163
01901,Lynn,163
01940,Lynnfield,164
01940,Lynnfield,164
02148,Malden,165
01944,Manchester-by-the-Sea,166
02048,Mansfield,167
01945,Marblehead,168
02738,Marion,169
01752,Marlborough,170
01244,Marlborough,170
02041,Marshfield,171
02050,Marshfield,171
02051,Marshfield,171
02059,Marshfield,171
02065,Marshfield,171
02065,Marshfield,171
02065,Marshfield,171
02065,Marshfield,171
02649,Mashpee,172
02739,Mattapoisett,173
01754,Maynard,174
02052,Medfield,175
02155,Medford,176
02155,Medford,176
02155,Medford,176
02053,Medway,177
02176,Melrose,178
01756,Mendon,179
01860,Merrimac,180
01844,Methuen,181
01844,Methuen,181
02346,Middleborough,182
01243,Middlefield,183
01949,Middleton,184
01757,Milford,185
01527,Millbury,186
01527,Millbury,186
02054,Millis,187
02054,Millis,187
01529,Millville,188
02186,Milton,189
02186,Milton,189
01057,Monson,191
01351,Montague,192
01376,Montague,192
01376,Montague,192
01376,Montague,192
01376,Montague,192
01376,Montague,192
01376,Montague,192
01376,Montague,192
01376,Montague,192
01376,Montague,192
01376,Montague,192
01376,Montague,192
01376,Montague,192
01376,Montague,192
01376,Montague,192
01376,Montague,192
01376,Montague,192
01376,Montague,192
01376,Montague,192
01376,Montague,192
01376,Montague,192
01376,Montague,192
01376,Montague,192
01376,Montague,192
01376,Montague,192
01376,Montague,192
01245,Monterey,193
01908,Nahant,196
02554,Nantucket,197
02554,Nantucket,197
02584,Nantucket,197
02564,Nantucket,197
01760,Natick,198
01760,Natick,198
02492,Needham,199
02492,Needham,199
02494,Needham,199
02740,New Bedford,201
02740,New Bedford,201
02740,New Bedford,201
02745,New Bedford,201
02740,New Bedford,201
02744,New Bedford,201
02745,New Bedford,201
02745,New Bedford,201
02746,New Bedford,201
01531,New Braintree,202
01259,New Marlborough,203
01355,New Salem,204
01922,Newbury,205
01950,Newburyport,206
01950,Newburyport,206
01950,Newburyport,206
01950,Newburyport,206
02466,Newton,207
02458,Newton,207
02459,Newton,207
02459,Newton,207
02459,Newton,207
02459,Newton,207
02459,Newton,207
02459,Newton,207
02459,Newton,207
02459,Newton,207
02459,Newton,207
02461,Newton,207
02462,Newton,207
02464,Newton,207
02460,Newton,207
02460,Newton,207
02460,Newton,207
02460,Newton,207
02460,Newton,207
02460,Newton,207
02460,Newton,207
02460,Newton,207
02460,Newton,207
02468,Newton,207
02465,Newton,207
02056,Norfolk,208
01247,North Adams,209
01845,North Andover,210
02760,North Attleborough,211
02760,North Attleborough,211
02760,North Attleborough,211
02760,North Attleborough,211
02760,North Attleborough,211
02760,North Attleborough,211
02760,North Attleborough,211
02760,North Attleborough,211
02760,North Attleborough,211
02760,North Attleborough,211
02760,North Attleborough,211
02760,North Attleborough,211
02760,North Attleborough,211
02760,North Attleborough,211
02760,North Attleborough,211
02760,North Attleborough,211
01535,North Brookfield,212
01864,North Reading,213
01062,Northampton,214
01053,Northampton,214
01060,Northampton,214
01060,Northampton,214
01532,Northborough,215
01534,Northbridge,216
01588,Northbridge,216
01360,Northfield,217
02712,Norton,218
02766,Norton,218
02061,Norwell,219
02062,Norwood,220
02062,Norwood,220
02557,Oak Bluffs,221
01068,Oakham,222
01364,Orange,223
02643,Orleans,224
02653,Orleans,224
02662,Orleans,224
01029,Otis,225
01253,Otis,225
01253,Otis,225
01537,Oxford,226
01540,Oxford,226
01540,Oxford,226
01009,Palmer,227
01069,Palmer,227
01069,Palmer,227
01079,Palmer,227
01080,Palmer,227
01612,Paxton,228
01960,Peabody,229
01960,Peabody,229
01960,Peabody,229
01960,Peabody,229
01960,Peabody,229
02327,Pembroke,231
02358,Pembroke,231
02359,Pembroke,231
01463,Pepperell,232
01366,Petersham,234
01201,Pittsfield,236
01201,Pittsfield,236
01201,Pittsfield,236
01201,Pittsfield,236
01070,Plainfield,237
02762,Plainville,238
02762,Plainville,238
02345,Plymouth,239
02360,Plymouth,239
02361,Plymouth,239
02362,Plymouth,239
02360,Plymouth,239
02381,Plymouth,239
02367,Plympton,240
01541,Princeton,241
02657,Provincetown,242
02169,Quincy,243
02170,Quincy,243
02171,Quincy,243
02170,Quincy,243
02169,Quincy,243
02368,Randolph,244
02767,Raynham,245
02768,Raynham,245
01867,Reading,246
02769,Rehoboth,247
02151,Revere,248
02151,Revere,248
02151,Revere,248
01254,Richmond,249
02770,Rochester,250
02770,Rochester,250
02770,Rochester,250
02370,Rockland,251
01966,Rockport,252
01966,Rockport,252
01367,Rowe,253
01969,Rowley,254
01071,Russell,256
01543,Rutland,257
01970,Salem,258
01970,Salem,258
01952,Salisbury,259
01255,Sandisfield,260
02537,Sandwich,261
02644,Sandwich,261
02563,Sandwich,261
01906,Saugus,262
02047,Scituate,264
02066,Scituate,264
02066,Scituate,264
02066,Scituate,264
02066,Scituate,264
02771,Seekonk,265
02067,Sharon,266
01222,Sheffield,267
01257,Sheffield,267
01370,Shelburne,268
01770,Sherborn,269
01464,Shirley,270
01545,Shrewsbury,271
01545,Shrewsbury,271
01545,Shrewsbury,271
01072,Shutesbury,272
02726,Somerset,273
02726,Somerset,273
02143,Somerville,274
02143,Somerville,274
02143,Somerville,274
02144,Somerville,274
02145,Somerville,274
01075,South Hadley,275
01073,Southampton,276
01745,Southborough,277
01772,Southborough,277
01550,Southbridge,278
01077,Southwick,279
01562,Spencer,280
01151,Springfield,281
01101,Springfield,281
01101,Springfield,281
01103,Springfield,281
01101,Springfield,281
01101,Springfield,281
01101,Springfield,281
01107,Springfield,281
01101,Springfield,281
01108,Springfield,281
01101,Springfield,281
01115,Springfield,281
01101,Springfield,281
01101,Springfield,281
01108,Springfield,281
01109,Springfield,281
01564,Sterling,282
01262,Stockbridge,283
01262,Stockbridge,283
02180,Stoneham,284
02072,Stoughton,285
01775,Stow,286
01518,Sturbridge,287
01518,Sturbridge,287
01518,Sturbridge,287
01518,Sturbridge,287
01566,Sturbridge,287
01776,Sudbury,288
01776,Sudbury,288
01375,Sunderland,289
01526,Sutton,290
01590,Sutton,290
01907,Swampscott,291
02777,Swansea,292
02718,Taunton,293
02780,Taunton,293
02780,Taunton,293
02780,Taunton,293
02780,Taunton,293
02780,Taunton,293
02780,Taunton,293
01436,Templeton,294
01438,Templeton,294
01468,Templeton,294
01876,Tewksbury,295
02568,Tisbury,296
02568,Tisbury,296
02568,Tisbury,296
02568,Tisbury,296
02568,Tisbury,296
02568,Tisbury,296
02568,Tisbury,296
02568,Tisbury,296
02568,Tisbury,296
01983,Topsfield,298
01469,Townsend,299
01469,Townsend,299
02652,Truro,300
02666,Truro,300
01879,Tyngsborough,301
01568,Upton,303
01525,Uxbridge,304
01538,Uxbridge,304
01569,Uxbridge,304
01880,Wakefield,305
01880,Wakefield,305
01081,Wales,306
02032,Walpole,307
02071,Walpole,307
02081,Walpole,307
02451,Waltham,308
02451,Waltham,308
02451,Waltham,308
02451,Waltham,308
02452,Waltham,308
02453,Waltham,308
01082,Ware,309
02538,Wareham,310
02558,Wareham,310
02571,Wareham,310
02571,Wareham,310
02576,Wareham,310
01083,Warren,311
01083,Warren,311
01092,Warren,311
02472,Watertown,314
02472,Watertown,314
01778,Wayland,315
01778,Wayland,315
01570,Webster,316
01570,Webster,316
02482,Wellesley,317
02481,Wellesley,317
02481,Wellesley,317
02481,Wellesley,317
02481,Wellesley,317
02663,Wellfleet,318
02667,Wellfleet,318
02667,Wellfleet,318
01379,Wendell,319
01380,Wendell,319
01984,Wenham,320
01583,West Boylston,321
02379,West Bridgewater,322
01585,West Brookfield,323
01585,West Brookfield,323
01985,West Newbury,324
01089,West Springfield,325
01266,West Stockbridge,326
02575,West Tisbury,327
01581,Westborough,328
01085,Westfield,329
01085,Westfield,329
01886,Westford,330
01886,Westford,330
01886,Westford,330
01473,Westminster,332
02493,Weston,333
02790,Westport,334
02790,Westport,334
02790,Westport,334
02791,Westport,334
02090,Westwood,335
02090,Westwood,335
02189,Weymouth,336
02191,Weymouth,336
02190,Weymouth,336
02188,Weymouth,336
01093,Whately,337
02382,Whitman,338
01095,Wilbraham,339
01095,Wilbraham,339
01095,Wilbraham,339
01039,Williamsburg,340
01096,Williamsburg,340
01096,Williamsburg,340
01096,Williamsburg,340
01267,Williamstown,341
01887,Wilmington,342
01475,Winchendon,343
01890,Winchester,344
02152,Winthrop,346
01801,Woburn,347
01801,Woburn,347
01801,Woburn,347
01801,Woburn,347
01801,Woburn,347
01801,Woburn,347
01801,Woburn,347
01801,Woburn,347
01801,Woburn,347
01801,Woburn,347
01602,Worcester,348
01613,Worcester,348
01603,Worcester,348
01613,Worcester,348
01613,Worcester,348
01605,Worcester,348
01613,Worcester,348
01606,Worcester,348
01613,Worcester,348
01607,Worcester,348
01613,Worcester,348
01613,Worcester,348
01613,Worcester,348
01613,Worcester,348
01613,Worcester,348
01613,Worcester,348
01613,Worcester,348
01613,Worcester,348
01098,Worthington,349
02070,Wrentham,350
02093,Wrentham,350
02664,Yarmouth,351
02664,Yarmouth,351
02664,Yarmouth,351
02664,Yarmouth,351
02664,Yarmouth,351
02664,Yarmouth,351
02664,Yarmouth,351
02664,Yarmouth,351
02664,Yarmouth,351
02673,Yarmouth,351
02675,Yarmouth,351
